{
  "N":
  {
    "value": 50
  },
  "E":
  {
    "value": [0.0, 0.9]
  },
  "Q":
  {
    "value": [1, 2, 50]
  },
  "q":
  {
    "value": [0.1, 0.3, 0.5, 0.7, 0.9]
  },
  "permitted_strategies":
  {
    "value": "123"
  },
  "run_type":
  {
    "value": ["equal", "AllC", "AllD", "Disc"]
  },
  "b":
  {
    "value": 5.0
  },
  "c":
  {
    "value": 1.0
  },
  "w":
  {
    "value": 1.0
  },
  "u_s":
  {
    "value": 0.00
  },
  "u_p":
  {
    "value": 0.02
  },
  "u_a":
  {
    "value": 0.02
  },
  "reputation_norm":
  {
    "value": ["stern judging", "scoring", "shunning", "simple standing"]
  },
  "independent_board":
  {
    "value": [true, false]
  },
  "num_trials":
  {
    "value": 10
  },
  "runs_per_trial":
  {
    "value": 100
  },
  "output":
  {
    "value": "output/fixation_paper_multitype_final.csv"
  }
}
