{
  "N":
  {
    "value": 50
  },
  "Q":
  {
    "value": [1, 2, 50]
  },
  "q":
  {
    "value": [0.1, 0.3, 0.5, 0.7, 0.9]
  },
  "permitted_strategies":
  {
    "value": "123"
  },
  "b":
  {
    "value": 5.0
  },
  "c":
  {
    "value": 1.0
  },
  "w":
  {
    "value": 1.0
  },
  "u_s":
  {
    "value": 0.025
  },
  "u_p":
  {
    "value": 0.02
  },
  "u_a":
  {
    "value": 0.02
  },
  "reputation_norm":
  {
    "value": ["stern judging", "scoring", "shunning", "simple standing"]
  },
  "num_gens":
  {
    "value": 10000
  },
  "num_trials":
  {
    "value": 1000
  },
  "output":
  {
    "value": "output/paper_institutions_noRDisc.csv"
  }
}
